method,target_rr,split,stage,call_kind,call_kind_name,refresh_count,opportunities,density,refresh_share
uniform,0.3,calibration,early,0,predictor,192.0,960.0,0.2,0.1
uniform,0.3,calibration,early,1,corrector,576.0,960.0,0.6,0.3
uniform,0.3,calibration,middle,0,predictor,0.0,1280.0,0.0,0.0
uniform,0.3,calibration,middle,1,corrector,640.0,1280.0,0.5,0.3333333333333333
uniform,0.3,calibration,late,0,predictor,64.0,960.0,0.06666666666666667,0.03333333333333333
uniform,0.3,calibration,late,1,corrector,448.0,896.0,0.5,0.23333333333333334
uniform,0.3,test,early,0,predictor,576.0,2880.0,0.2,0.1
uniform,0.3,test,early,1,corrector,1728.0,2880.0,0.6,0.3
uniform,0.3,test,middle,0,predictor,0.0,3840.0,0.0,0.0
uniform,0.3,test,middle,1,corrector,1920.0,3840.0,0.5,0.3333333333333333
uniform,0.3,test,late,0,predictor,192.0,2880.0,0.06666666666666667,0.03333333333333333
uniform,0.3,test,late,1,corrector,1344.0,2688.0,0.5,0.23333333333333334
uniform,0.3,all,early,0,predictor,768.0,3840.0,0.2,0.1
uniform,0.3,all,early,1,corrector,2304.0,3840.0,0.6,0.3
uniform,0.3,all,middle,0,predictor,0.0,5120.0,0.0,0.0
uniform,0.3,all,middle,1,corrector,2560.0,5120.0,0.5,0.3333333333333333
uniform,0.3,all,late,0,predictor,256.0,3840.0,0.06666666666666667,0.03333333333333333
uniform,0.3,all,late,1,corrector,1792.0,3584.0,0.5,0.23333333333333334
uniform,0.4,calibration,early,0,predictor,384.0,960.0,0.4,0.15
uniform,0.4,calibration,early,1,corrector,512.0,960.0,0.5333333333333333,0.2
uniform,0.4,calibration,middle,0,predictor,576.0,1280.0,0.45,0.225
uniform,0.4,calibration,middle,1,corrector,384.0,1280.0,0.3,0.15
uniform,0.4,calibration,late,0,predictor,320.0,960.0,0.3333333333333333,0.125
uniform,0.4,calibration,late,1,corrector,384.0,896.0,0.42857142857142855,0.15
uniform,0.4,test,early,0,predictor,1152.0,2880.0,0.4,0.15
uniform,0.4,test,early,1,corrector,1536.0,2880.0,0.5333333333333333,0.2
uniform,0.4,test,middle,0,predictor,1728.0,3840.0,0.45,0.225
uniform,0.4,test,middle,1,corrector,1152.0,3840.0,0.3,0.15
uniform,0.4,test,late,0,predictor,960.0,2880.0,0.3333333333333333,0.125
uniform,0.4,test,late,1,corrector,1152.0,2688.0,0.42857142857142855,0.15
uniform,0.4,all,early,0,predictor,1536.0,3840.0,0.4,0.15
uniform,0.4,all,early,1,corrector,2048.0,3840.0,0.5333333333333333,0.2
uniform,0.4,all,middle,0,predictor,2304.0,5120.0,0.45,0.225
uniform,0.4,all,middle,1,corrector,1536.0,5120.0,0.3,0.15
uniform,0.4,all,late,0,predictor,1280.0,3840.0,0.3333333333333333,0.125
uniform,0.4,all,late,1,corrector,1536.0,3584.0,0.42857142857142855,0.15
uniform,0.5,calibration,early,0,predictor,640.0,960.0,0.6666666666666666,0.2
uniform,0.5,calibration,early,1,corrector,448.0,960.0,0.4666666666666667,0.14
uniform,0.5,calibration,middle,0,predictor,512.0,1280.0,0.4,0.16
uniform,0.5,calibration,middle,1,corrector,704.0,1280.0,0.55,0.22
uniform,0.5,calibration,late,0,predictor,512.0,960.0,0.5333333333333333,0.16
uniform,0.5,calibration,late,1,corrector,384.0,896.0,0.42857142857142855,0.12
uniform,0.5,test,early,0,predictor,1920.0,2880.0,0.6666666666666666,0.2
uniform,0.5,test,early,1,corrector,1344.0,2880.0,0.4666666666666667,0.14
uniform,0.5,test,middle,0,predictor,1536.0,3840.0,0.4,0.16
uniform,0.5,test,middle,1,corrector,2112.0,3840.0,0.55,0.22
uniform,0.5,test,late,0,predictor,1536.0,2880.0,0.5333333333333333,0.16
uniform,0.5,test,late,1,corrector,1152.0,2688.0,0.42857142857142855,0.12
uniform,0.5,all,early,0,predictor,2560.0,3840.0,0.6666666666666666,0.2
uniform,0.5,all,early,1,corrector,1792.0,3840.0,0.4666666666666667,0.14
uniform,0.5,all,middle,0,predictor,2048.0,5120.0,0.4,0.16
uniform,0.5,all,middle,1,corrector,2816.0,5120.0,0.55,0.22
uniform,0.5,all,late,0,predictor,2048.0,3840.0,0.5333333333333333,0.16
uniform,0.5,all,late,1,corrector,1536.0,3584.0,0.42857142857142855,0.12
raw_oracle,0.3,calibration,early,0,predictor,192.0,960.0,0.2,0.10099947396107312
raw_oracle,0.3,calibration,early,1,corrector,512.0,960.0,0.5333333333333333,0.26933193056286164
raw_oracle,0.3,calibration,middle,0,predictor,4.0,1280.0,0.003125,0.0021041557075223566
raw_oracle,0.3,calibration,middle,1,corrector,615.0,1280.0,0.48046875,0.3235139400315623
raw_oracle,0.3,calibration,late,0,predictor,86.0,960.0,0.08958333333333333,0.04523934771173067
raw_oracle,0.3,calibration,late,1,corrector,492.0,896.0,0.5491071428571429,0.25881115202524985
raw_oracle,0.3,test,early,0,predictor,576.0,2880.0,0.2,0.10020876826722339
raw_oracle,0.3,test,early,1,corrector,1536.0,2880.0,0.5333333333333333,0.267223382045929
raw_oracle,0.3,test,middle,0,predictor,11.0,3840.0,0.002864583333333333,0.0019137091162143354
raw_oracle,0.3,test,middle,1,corrector,1861.0,3840.0,0.48463541666666665,0.32376478775226164
raw_oracle,0.3,test,late,0,predictor,253.0,2880.0,0.08784722222222222,0.044015309672929714
raw_oracle,0.3,test,late,1,corrector,1511.0,2688.0,0.5621279761904762,0.2628740431454419
raw_oracle,0.3,all,early,0,predictor,768.0,3840.0,0.2,0.10040528173617466
raw_oracle,0.3,all,early,1,corrector,2048.0,3840.0,0.5333333333333333,0.26774741796313245
raw_oracle,0.3,all,middle,0,predictor,15.0,5120.0,0.0029296875,0.0019610406589096615
raw_oracle,0.3,all,middle,1,corrector,2476.0,5120.0,0.48359375,0.32370244476402144
raw_oracle,0.3,all,late,0,predictor,339.0,3840.0,0.08828125,0.04431951889135835
raw_oracle,0.3,all,late,1,corrector,2003.0,3584.0,0.5588727678571429,0.26186429598640343
raw_oracle,0.4,calibration,early,0,predictor,232.0,960.0,0.24166666666666667,0.09155485398579322
raw_oracle,0.4,calibration,early,1,corrector,633.0,960.0,0.659375,0.24980268350434096
raw_oracle,0.4,calibration,middle,0,predictor,1.0,1280.0,0.00078125,0.0003946329913180742
raw_oracle,0.4,calibration,middle,1,corrector,710.0,1280.0,0.5546875,0.2801894238358327
raw_oracle,0.4,calibration,late,0,predictor,64.0,960.0,0.06666666666666667,0.025256511444356748
raw_oracle,0.4,calibration,late,1,corrector,894.0,896.0,0.9977678571428571,0.35280189423835834
raw_oracle,0.4,test,early,0,predictor,716.0,2880.0,0.24861111111111112,0.09314426954598673
raw_oracle,0.4,test,early,1,corrector,1900.0,2880.0,0.6597222222222222,0.24717054767789776
raw_oracle,0.4,test,middle,0,predictor,11.0,3840.0,0.002864583333333333,0.0014309873812930923
raw_oracle,0.4,test,middle,1,corrector,2187.0,3840.0,0.56953125,0.2845063093534539
raw_oracle,0.4,test,late,0,predictor,195.0,2880.0,0.06770833333333333,0.025367503577468455
raw_oracle,0.4,test,late,1,corrector,2678.0,2688.0,0.9962797619047619,0.3483803824639001
raw_oracle,0.4,all,early,0,predictor,948.0,3840.0,0.246875,0.09275022013501615
raw_oracle,0.4,all,early,1,corrector,2533.0,3840.0,0.6596354166666667,0.2478231092848058
raw_oracle,0.4,all,middle,0,predictor,12.0,5120.0,0.00234375,0.001174053419430584
raw_oracle,0.4,all,middle,1,corrector,2897.0,5120.0,0.5658203125,0.2834360630075335
raw_oracle,0.4,all,late,0,predictor,259.0,3840.0,0.06744791666666666,0.025339986302710105
raw_oracle,0.4,all,late,1,corrector,3572.0,3584.0,0.9966517857142857,0.34947656785050385
raw_oracle,0.5,calibration,early,0,predictor,192.0,960.0,0.2,0.06060606060606061
raw_oracle,0.5,calibration,early,1,corrector,954.0,960.0,0.99375,0.30113636363636365
raw_oracle,0.5,calibration,middle,0,predictor,25.0,1280.0,0.01953125,0.007891414141414142
raw_oracle,0.5,calibration,middle,1,corrector,1037.0,1280.0,0.81015625,0.32733585858585856
raw_oracle,0.5,calibration,late,0,predictor,64.0,960.0,0.06666666666666667,0.020202020202020204
raw_oracle,0.5,calibration,late,1,corrector,896.0,896.0,1.0,0.2828282828282828
raw_oracle,0.5,test,early,0,predictor,577.0,2880.0,0.20034722222222223,0.05961359644591383
raw_oracle,0.5,test,early,1,corrector,2870.0,2880.0,0.9965277777777778,0.296518235354892
raw_oracle,0.5,test,middle,0,predictor,43.0,3840.0,0.011197916666666667,0.00444260770740779
raw_oracle,0.5,test,middle,1,corrector,3309.0,3840.0,0.86171875,0.34187416055377623
raw_oracle,0.5,test,late,0,predictor,192.0,2880.0,0.06666666666666667,0.019836759995867342
raw_oracle,0.5,test,late,1,corrector,2688.0,2688.0,1.0,0.2777146399421428
raw_oracle,0.5,all,early,0,predictor,769.0,3840.0,0.20026041666666666,0.059858332684673464
raw_oracle,0.5,all,early,1,corrector,3824.0,3840.0,0.9958333333333333,0.297657040554215
raw_oracle,0.5,all,middle,0,predictor,68.0,5120.0,0.01328125,0.005293064528683739
raw_oracle,0.5,all,middle,1,corrector,4346.0,5120.0,0.848828125,0.33828909473028723
raw_oracle,0.5,all,late,0,predictor,256.0,3840.0,0.06666666666666667,0.01992683116680937
raw_oracle,0.5,all,late,1,corrector,3584.0,3584.0,1.0,0.2789756363353312
sea_oracle,0.3,calibration,early,0,predictor,192.0,960.0,0.2,0.10099947396107312
sea_oracle,0.3,calibration,early,1,corrector,832.0,960.0,0.8666666666666667,0.43766438716465017
sea_oracle,0.3,calibration,middle,0,predictor,2.0,1280.0,0.0015625,0.0010520778537611783
sea_oracle,0.3,calibration,middle,1,corrector,444.0,1280.0,0.346875,0.2335612835349816
sea_oracle,0.3,calibration,late,0,predictor,70.0,960.0,0.07291666666666667,0.03682272488164124
sea_oracle,0.3,calibration,late,1,corrector,361.0,896.0,0.4029017857142857,0.1899000526038927
sea_oracle,0.3,test,early,0,predictor,576.0,2880.0,0.2,0.10066410346032856
sea_oracle,0.3,test,early,1,corrector,2496.0,2880.0,0.8666666666666667,0.43621111499475707
sea_oracle,0.3,test,middle,0,predictor,7.0,3840.0,0.0018229166666666667,0.001223348479552604
sea_oracle,0.3,test,middle,1,corrector,1344.0,3840.0,0.35,0.23488290807409998
sea_oracle,0.3,test,late,0,predictor,205.0,2880.0,0.07118055555555555,0.035826634044040545
sea_oracle,0.3,test,late,1,corrector,1094.0,2688.0,0.4069940476190476,0.19119189094722125
sea_oracle,0.3,all,early,0,predictor,768.0,3840.0,0.2,0.10074773711137347
sea_oracle,0.3,all,early,1,corrector,3328.0,3840.0,0.8666666666666667,0.4365735274826184
sea_oracle,0.3,all,middle,0,predictor,9.0,5120.0,0.0017578125,0.0011806375442739079
sea_oracle,0.3,all,middle,1,corrector,1788.0,5120.0,0.34921875,0.23455332546241636
sea_oracle,0.3,all,late,0,predictor,275.0,3840.0,0.07161458333333333,0.03607503607503607
sea_oracle,0.3,all,late,1,corrector,1455.0,3584.0,0.40597098214285715,0.19086973632428178
sea_oracle,0.4,calibration,early,0,predictor,192.0,960.0,0.2,0.07576953433307025
sea_oracle,0.4,calibration,early,1,corrector,960.0,960.0,1.0,0.3788476716653512
sea_oracle,0.4,calibration,middle,0,predictor,4.0,1280.0,0.003125,0.0015785319652722968
sea_oracle,0.4,calibration,middle,1,corrector,776.0,1280.0,0.60625,0.30623520126282555
sea_oracle,0.4,calibration,late,0,predictor,97.0,960.0,0.10104166666666667,0.038279400157853194
sea_oracle,0.4,calibration,late,1,corrector,505.0,896.0,0.5636160714285714,0.19928966061562747
sea_oracle,0.4,test,early,0,predictor,576.0,2880.0,0.2,0.07547169811320754
sea_oracle,0.4,test,early,1,corrector,2880.0,2880.0,1.0,0.37735849056603776
sea_oracle,0.4,test,middle,0,predictor,11.0,3840.0,0.002864583333333333,0.001441299790356394
sea_oracle,0.4,test,middle,1,corrector,2339.0,3840.0,0.6091145833333333,0.3064727463312369
sea_oracle,0.4,test,late,0,predictor,255.0,2880.0,0.08854166666666667,0.03341194968553459
sea_oracle,0.4,test,late,1,corrector,1571.0,2688.0,0.5844494047619048,0.20584381551362682
sea_oracle,0.4,all,early,0,predictor,768.0,3840.0,0.2,0.07554593743852056
sea_oracle,0.4,all,early,1,corrector,3840.0,3840.0,1.0,0.3777296871926028
sea_oracle,0.4,all,middle,0,predictor,15.0,5120.0,0.0029296875,0.0014755065905961047
sea_oracle,0.4,all,middle,1,corrector,3115.0,5120.0,0.6083984375,0.30641353531379106
sea_oracle,0.4,all,late,0,predictor,352.0,3840.0,0.09166666666666666,0.03462522132598859
sea_oracle,0.4,all,late,1,corrector,2076.0,3584.0,0.5792410714285714,0.20421011213850088
sea_oracle,0.5,calibration,early,0,predictor,192.0,960.0,0.2,0.06060606060606061
sea_oracle,0.5,calibration,early,1,corrector,960.0,960.0,1.0,0.30303030303030304
sea_oracle,0.5,calibration,middle,0,predictor,14.0,1280.0,0.0109375,0.004419191919191919
sea_oracle,0.5,calibration,middle,1,corrector,1065.0,1280.0,0.83203125,0.33617424242424243
sea_oracle,0.5,calibration,late,0,predictor,70.0,960.0,0.07291666666666667,0.022095959595959596
sea_oracle,0.5,calibration,late,1,corrector,867.0,896.0,0.9676339285714286,0.27367424242424243
sea_oracle,0.5,test,early,0,predictor,576.0,2880.0,0.2,0.05988771054273238
sea_oracle,0.5,test,early,1,corrector,2880.0,2880.0,1.0,0.2994385527136619
sea_oracle,0.5,test,middle,0,predictor,37.0,3840.0,0.009635416666666667,0.0038469536286130173
sea_oracle,0.5,test,middle,1,corrector,3283.0,3840.0,0.8549479166666667,0.3413391557496361
sea_oracle,0.5,test,late,0,predictor,202.0,2880.0,0.07013888888888889,0.021002287377833228
sea_oracle,0.5,test,late,1,corrector,2640.0,2688.0,0.9821428571428571,0.2744853399875234
sea_oracle,0.5,all,early,0,predictor,768.0,3840.0,0.2,0.06006569685593618
sea_oracle,0.5,all,early,1,corrector,3840.0,3840.0,1.0,0.3003284842796809
sea_oracle,0.5,all,middle,0,predictor,51.0,5120.0,0.0099609375,0.003988737681839512
sea_oracle,0.5,all,middle,1,corrector,4348.0,5120.0,0.84921875,0.3400594400125137
sea_oracle,0.5,all,late,0,predictor,272.0,3840.0,0.07083333333333333,0.021273267636477397
sea_oracle,0.5,all,late,1,corrector,3507.0,3584.0,0.978515625,0.27428437353355234
dino_oracle,0.3,calibration,early,0,predictor,216.0,960.0,0.225,0.11362440820620726
dino_oracle,0.3,calibration,early,1,corrector,858.0,960.0,0.89375,0.4513413992635455
dino_oracle,0.3,calibration,middle,0,predictor,6.0,1280.0,0.0046875,0.003156233561283535
dino_oracle,0.3,calibration,middle,1,corrector,501.0,1280.0,0.39140625,0.26354550236717517
dino_oracle,0.3,calibration,late,0,predictor,71.0,960.0,0.07395833333333333,0.03734876380852183
dino_oracle,0.3,calibration,late,1,corrector,249.0,896.0,0.2779017857142857,0.13098369279326671
dino_oracle,0.3,test,early,0,predictor,669.0,2880.0,0.23229166666666667,0.11387234042553192
dino_oracle,0.3,test,early,1,corrector,2575.0,2880.0,0.8940972222222222,0.43829787234042555
dino_oracle,0.3,test,middle,0,predictor,10.0,3840.0,0.0026041666666666665,0.001702127659574468
dino_oracle,0.3,test,middle,1,corrector,1607.0,3840.0,0.41848958333333336,0.273531914893617
dino_oracle,0.3,test,late,0,predictor,200.0,2880.0,0.06944444444444445,0.03404255319148936
dino_oracle,0.3,test,late,1,corrector,814.0,2688.0,0.30282738095238093,0.1385531914893617
dino_oracle,0.3,all,early,0,predictor,885.0,3840.0,0.23046875,0.11381172839506173
dino_oracle,0.3,all,early,1,corrector,3433.0,3840.0,0.8940104166666667,0.4414866255144033
dino_oracle,0.3,all,middle,0,predictor,16.0,5120.0,0.003125,0.00205761316872428
dino_oracle,0.3,all,middle,1,corrector,2108.0,5120.0,0.41171875,0.27109053497942387
dino_oracle,0.3,all,late,0,predictor,271.0,3840.0,0.07057291666666667,0.03485082304526749
dino_oracle,0.3,all,late,1,corrector,1063.0,3584.0,0.29659598214285715,0.13670267489711935
dino_oracle,0.4,calibration,early,0,predictor,245.0,960.0,0.2552083333333333,0.09668508287292818
dino_oracle,0.4,calibration,early,1,corrector,929.0,960.0,0.9677083333333333,0.3666140489344909
dino_oracle,0.4,calibration,middle,0,predictor,3.0,1280.0,0.00234375,0.0011838989739542227
dino_oracle,0.4,calibration,middle,1,corrector,819.0,1280.0,0.63984375,0.32320441988950277
dino_oracle,0.4,calibration,late,0,predictor,72.0,960.0,0.075,0.028413575374901343
dino_oracle,0.4,calibration,late,1,corrector,466.0,896.0,0.5200892857142857,0.18389897395422258
dino_oracle,0.4,test,early,0,predictor,826.0,2880.0,0.28680555555555554,0.10524974515800203
dino_oracle,0.4,test,early,1,corrector,2801.0,2880.0,0.9725694444444445,0.35690621814475026
dino_oracle,0.4,test,middle,0,predictor,23.0,3840.0,0.005989583333333334,0.002930682976554536
dino_oracle,0.4,test,middle,1,corrector,2509.0,3840.0,0.6533854166666667,0.3196992864424057
dino_oracle,0.4,test,late,0,predictor,216.0,2880.0,0.075,0.027522935779816515
dino_oracle,0.4,test,late,1,corrector,1473.0,2688.0,0.5479910714285714,0.18769113149847094
dino_oracle,0.4,all,early,0,predictor,1071.0,3840.0,0.27890625,0.10315931419764977
dino_oracle,0.4,all,early,1,corrector,3730.0,3840.0,0.9713541666666666,0.3592756694278559
dino_oracle,0.4,all,middle,0,predictor,26.0,5120.0,0.005078125,0.002504334424966288
dino_oracle,0.4,all,middle,1,corrector,3328.0,5120.0,0.65,0.32055480639568484
dino_oracle,0.4,all,late,0,predictor,288.0,3840.0,0.075,0.02774031978424196
dino_oracle,0.4,all,late,1,corrector,1939.0,3584.0,0.541015625,0.18676555576960124
dino_oracle,0.5,calibration,early,0,predictor,304.0,960.0,0.31666666666666665,0.09595959595959595
dino_oracle,0.5,calibration,early,1,corrector,953.0,960.0,0.9927083333333333,0.30082070707070707
dino_oracle,0.5,calibration,middle,0,predictor,6.0,1280.0,0.0046875,0.001893939393939394
dino_oracle,0.5,calibration,middle,1,corrector,1104.0,1280.0,0.8625,0.3484848484848485
dino_oracle,0.5,calibration,late,0,predictor,68.0,960.0,0.07083333333333333,0.021464646464646464
dino_oracle,0.5,calibration,late,1,corrector,733.0,896.0,0.8180803571428571,0.23137626262626262
dino_oracle,0.5,test,early,0,predictor,1056.0,2880.0,0.36666666666666664,0.10725167580743449
dino_oracle,0.5,test,early,1,corrector,2867.0,2880.0,0.9954861111111111,0.29118423725370707
dino_oracle,0.5,test,middle,0,predictor,29.0,3840.0,0.007552083333333333,0.002945358521226894
dino_oracle,0.5,test,middle,1,corrector,3381.0,3840.0,0.88046875,0.3433881779402803
dino_oracle,0.5,test,late,0,predictor,205.0,2880.0,0.07118055555555555,0.020820637822465977
dino_oracle,0.5,test,late,1,corrector,2308.0,2688.0,0.8586309523809523,0.23440991265488523
dino_oracle,0.5,all,early,0,predictor,1360.0,3840.0,0.3541666666666667,0.10450284309205471
dino_oracle,0.5,all,early,1,corrector,3820.0,3840.0,0.9947916666666666,0.29353004456738896
dino_oracle,0.5,all,middle,0,predictor,35.0,5120.0,0.0068359375,0.002689411403104349
dino_oracle,0.5,all,middle,1,corrector,4485.0,5120.0,0.8759765625,0.3446288612263716
dino_oracle,0.5,all,late,0,predictor,273.0,3840.0,0.07109375,0.020977408944213922
dino_oracle,0.5,all,late,1,corrector,3041.0,3584.0,0.8484933035714286,0.23367143076686644
lpips_oracle,0.3,calibration,early,0,predictor,205.0,960.0,0.21354166666666666,0.10783798001052078
lpips_oracle,0.3,calibration,early,1,corrector,907.0,960.0,0.9447916666666667,0.47711730668069435
lpips_oracle,0.3,calibration,middle,0,predictor,3.0,1280.0,0.00234375,0.0015781167806417674
lpips_oracle,0.3,calibration,middle,1,corrector,532.0,1280.0,0.415625,0.27985270910047344
lpips_oracle,0.3,calibration,late,0,predictor,67.0,960.0,0.06979166666666667,0.035244608100999476
lpips_oracle,0.3,calibration,late,1,corrector,187.0,896.0,0.20870535714285715,0.09836927932667017
lpips_oracle,0.3,test,early,0,predictor,618.0,2880.0,0.21458333333333332,0.11320754716981132
lpips_oracle,0.3,test,early,1,corrector,2697.0,2880.0,0.9364583333333333,0.49404652866825427
lpips_oracle,0.3,test,middle,0,predictor,6.0,3840.0,0.0015625,0.001099102399706906
lpips_oracle,0.3,test,middle,1,corrector,1414.0,3840.0,0.36822916666666666,0.25902179886426085
lpips_oracle,0.3,test,late,0,predictor,202.0,2880.0,0.07013888888888889,0.03700311412346584
lpips_oracle,0.3,test,late,1,corrector,522.0,2688.0,0.19419642857142858,0.09562190877450083
lpips_oracle,0.3,all,early,0,predictor,823.0,3840.0,0.21432291666666667,0.11182065217391304
lpips_oracle,0.3,all,early,1,corrector,3604.0,3840.0,0.9385416666666667,0.48967391304347824
lpips_oracle,0.3,all,middle,0,predictor,9.0,5120.0,0.0017578125,0.0012228260869565218
lpips_oracle,0.3,all,middle,1,corrector,1946.0,5120.0,0.380078125,0.2644021739130435
lpips_oracle,0.3,all,late,0,predictor,269.0,3840.0,0.07005208333333333,0.03654891304347826
lpips_oracle,0.3,all,late,1,corrector,709.0,3584.0,0.19782366071428573,0.09633152173913044
lpips_oracle,0.4,calibration,early,0,predictor,233.0,960.0,0.24270833333333333,0.09194948697711129
lpips_oracle,0.4,calibration,early,1,corrector,952.0,960.0,0.9916666666666667,0.3756906077348066
lpips_oracle,0.4,calibration,middle,0,predictor,4.0,1280.0,0.003125,0.0015785319652722968
lpips_oracle,0.4,calibration,middle,1,corrector,883.0,1280.0,0.68984375,0.3484609313338595
lpips_oracle,0.4,calibration,late,0,predictor,70.0,960.0,0.07291666666666667,0.027624309392265192
lpips_oracle,0.4,calibration,late,1,corrector,392.0,896.0,0.4375,0.15469613259668508
lpips_oracle,0.4,test,early,0,predictor,713.0,2880.0,0.24756944444444445,0.09745762711864407
lpips_oracle,0.4,test,early,1,corrector,2859.0,2880.0,0.9927083333333333,0.39078731547293605
lpips_oracle,0.4,test,middle,0,predictor,7.0,3840.0,0.0018229166666666667,0.0009568069983597594
lpips_oracle,0.4,test,middle,1,corrector,2412.0,3840.0,0.628125,0.3296883542919628
lpips_oracle,0.4,test,late,0,predictor,220.0,2880.0,0.0763888888888889,0.030071077091306724
lpips_oracle,0.4,test,late,1,corrector,1105.0,2688.0,0.41108630952380953,0.1510388190267906
lpips_oracle,0.4,all,early,0,predictor,946.0,3840.0,0.24635416666666668,0.09604060913705584
lpips_oracle,0.4,all,early,1,corrector,3811.0,3840.0,0.9924479166666667,0.3869035532994924
lpips_oracle,0.4,all,middle,0,predictor,11.0,5120.0,0.0021484375,0.001116751269035533
lpips_oracle,0.4,all,middle,1,corrector,3295.0,5120.0,0.6435546875,0.33451776649746195
lpips_oracle,0.4,all,late,0,predictor,290.0,3840.0,0.07552083333333333,0.029441624365482234
lpips_oracle,0.4,all,late,1,corrector,1497.0,3584.0,0.41768973214285715,0.15197969543147208
lpips_oracle,0.5,calibration,early,0,predictor,288.0,960.0,0.3,0.09090909090909091
lpips_oracle,0.5,calibration,early,1,corrector,960.0,960.0,1.0,0.30303030303030304
lpips_oracle,0.5,calibration,middle,0,predictor,0.0,1280.0,0.0,0.0
lpips_oracle,0.5,calibration,middle,1,corrector,1172.0,1280.0,0.915625,0.369949494949495
lpips_oracle,0.5,calibration,late,0,predictor,79.0,960.0,0.08229166666666667,0.024936868686868688
lpips_oracle,0.5,calibration,late,1,corrector,669.0,896.0,0.7466517857142857,0.21117424242424243
lpips_oracle,0.5,test,early,0,predictor,926.0,2880.0,0.3215277777777778,0.0993349066723879
lpips_oracle,0.5,test,early,1,corrector,2879.0,2880.0,0.9996527777777777,0.3088393048701995
lpips_oracle,0.5,test,middle,0,predictor,10.0,3840.0,0.0026041666666666665,0.001072731173567904
lpips_oracle,0.5,test,middle,1,corrector,3317.0,3840.0,0.8638020833333333,0.3558249302724737
lpips_oracle,0.5,test,late,0,predictor,216.0,2880.0,0.075,0.023170993349066724
lpips_oracle,0.5,test,late,1,corrector,1974.0,2688.0,0.734375,0.21175713366230423
lpips_oracle,0.5,all,early,0,predictor,1214.0,3840.0,0.31614583333333335,0.09719775820656525
lpips_oracle,0.5,all,early,1,corrector,3839.0,3840.0,0.9997395833333333,0.30736589271417136
lpips_oracle,0.5,all,middle,0,predictor,10.0,5120.0,0.001953125,0.0008006405124099279
lpips_oracle,0.5,all,middle,1,corrector,4489.0,5120.0,0.8767578125,0.35940752602081666
lpips_oracle,0.5,all,late,0,predictor,295.0,3840.0,0.07682291666666667,0.023618895116092876
lpips_oracle,0.5,all,late,1,corrector,2643.0,3584.0,0.7374441964285714,0.21160928742994395
pma_nogate_oracle,0.3,calibration,early,0,predictor,202.0,960.0,0.21041666666666667,0.10625986322987901
pma_nogate_oracle,0.3,calibration,early,1,corrector,889.0,960.0,0.9260416666666667,0.46764860599684377
pma_nogate_oracle,0.3,calibration,middle,0,predictor,2.0,1280.0,0.0015625,0.0010520778537611783
pma_nogate_oracle,0.3,calibration,middle,1,corrector,496.0,1280.0,0.3875,0.2609153077327722
pma_nogate_oracle,0.3,calibration,late,0,predictor,68.0,960.0,0.07083333333333333,0.03577064702788006
pma_nogate_oracle,0.3,calibration,late,1,corrector,244.0,896.0,0.27232142857142855,0.12835349815886377
pma_nogate_oracle,0.3,test,early,0,predictor,612.0,2880.0,0.2125,0.10808901448251501
pma_nogate_oracle,0.3,test,early,1,corrector,2631.0,2880.0,0.9135416666666667,0.4646767926527729
pma_nogate_oracle,0.3,test,middle,0,predictor,5.0,3840.0,0.0013020833333333333,0.0008830801836806782
pma_nogate_oracle,0.3,test,middle,1,corrector,1484.0,3840.0,0.38645833333333335,0.2620981985164253
pma_nogate_oracle,0.3,test,late,0,predictor,200.0,2880.0,0.06944444444444445,0.03532320734722713
pma_nogate_oracle,0.3,test,late,1,corrector,730.0,2688.0,0.27157738095238093,0.12892970681737903
pma_nogate_oracle,0.3,all,early,0,predictor,814.0,3840.0,0.21197916666666666,0.10762924765304774
pma_nogate_oracle,0.3,all,early,1,corrector,3520.0,3840.0,0.9166666666666666,0.46542377363480103
pma_nogate_oracle,0.3,all,middle,0,predictor,7.0,5120.0,0.0013671875,0.0009255586407510248
pma_nogate_oracle,0.3,all,middle,1,corrector,1980.0,5120.0,0.38671875,0.2618008726695756
pma_nogate_oracle,0.3,all,late,0,predictor,268.0,3840.0,0.06979166666666667,0.0354356736744678
pma_nogate_oracle,0.3,all,late,1,corrector,974.0,3584.0,0.27176339285714285,0.12878487372735686
pma_nogate_oracle,0.4,calibration,early,0,predictor,218.0,960.0,0.22708333333333333,0.08602999210734018
pma_nogate_oracle,0.4,calibration,early,1,corrector,951.0,960.0,0.990625,0.3752959747434886
pma_nogate_oracle,0.4,calibration,middle,0,predictor,3.0,1280.0,0.00234375,0.0011838989739542227
pma_nogate_oracle,0.4,calibration,middle,1,corrector,826.0,1280.0,0.6453125,0.3259668508287293
pma_nogate_oracle,0.4,calibration,late,0,predictor,69.0,960.0,0.071875,0.02722967640094712
pma_nogate_oracle,0.4,calibration,late,1,corrector,467.0,896.0,0.5212053571428571,0.18429360694554064
pma_nogate_oracle,0.4,test,early,0,predictor,676.0,2880.0,0.23472222222222222,0.08921736835159035
pma_nogate_oracle,0.4,test,early,1,corrector,2857.0,2880.0,0.9920138888888889,0.3770621618054639
pma_nogate_oracle,0.4,test,middle,0,predictor,10.0,3840.0,0.0026041666666666665,0.0013197835554968984
pma_nogate_oracle,0.4,test,middle,1,corrector,2441.0,3840.0,0.6356770833333333,0.32215916589679294
pma_nogate_oracle,0.4,test,late,0,predictor,215.0,2880.0,0.07465277777777778,0.02837534644318332
pma_nogate_oracle,0.4,test,late,1,corrector,1378.0,2688.0,0.5126488095238095,0.18186617394747262
pma_nogate_oracle,0.4,all,early,0,predictor,894.0,3840.0,0.2328125,0.0884185540500445
pma_nogate_oracle,0.4,all,early,1,corrector,3808.0,3840.0,0.9916666666666667,0.37661952329146475
pma_nogate_oracle,0.4,all,middle,0,predictor,13.0,5120.0,0.0025390625,0.0012857284145979626
pma_nogate_oracle,0.4,all,middle,1,corrector,3267.0,5120.0,0.6380859375,0.32311344080704185
pma_nogate_oracle,0.4,all,late,0,predictor,284.0,3840.0,0.07395833333333333,0.028088220749678566
pma_nogate_oracle,0.4,all,late,1,corrector,1845.0,3584.0,0.5147879464285714,0.1824745326871724
pma_nogate_oracle,0.5,calibration,early,0,predictor,246.0,960.0,0.25625,0.07765151515151515
pma_nogate_oracle,0.5,calibration,early,1,corrector,960.0,960.0,1.0,0.30303030303030304
pma_nogate_oracle,0.5,calibration,middle,0,predictor,4.0,1280.0,0.003125,0.0012626262626262627
pma_nogate_oracle,0.5,calibration,middle,1,corrector,1130.0,1280.0,0.8828125,0.35669191919191917
pma_nogate_oracle,0.5,calibration,late,0,predictor,75.0,960.0,0.078125,0.023674242424242424
pma_nogate_oracle,0.5,calibration,late,1,corrector,753.0,896.0,0.8404017857142857,0.23768939393939395
pma_nogate_oracle,0.5,test,early,0,predictor,797.0,2880.0,0.2767361111111111,0.0834292892285146
pma_nogate_oracle,0.5,test,early,1,corrector,2880.0,2880.0,1.0,0.3014759761331519
pma_nogate_oracle,0.5,test,middle,0,predictor,14.0,3840.0,0.0036458333333333334,0.0014655082173139328
pma_nogate_oracle,0.5,test,middle,1,corrector,3360.0,3840.0,0.875,0.3517219721553439
pma_nogate_oracle,0.5,test,late,0,predictor,220.0,2880.0,0.0763888888888889,0.023029414843504657
pma_nogate_oracle,0.5,test,late,1,corrector,2282.0,2688.0,0.8489583333333334,0.23887783942217106
pma_nogate_oracle,0.5,all,early,0,predictor,1043.0,3840.0,0.2716145833333333,0.08199040955899693
pma_nogate_oracle,0.5,all,early,1,corrector,3840.0,3840.0,1.0,0.30186306108010375
pma_nogate_oracle,0.5,all,middle,0,predictor,18.0,5120.0,0.003515625,0.0014149830988129863
pma_nogate_oracle,0.5,all,middle,1,corrector,4490.0,5120.0,0.876953125,0.35295967298168385
pma_nogate_oracle,0.5,all,late,0,predictor,295.0,3840.0,0.07682291666666667,0.02319000078610172
pma_nogate_oracle,0.5,all,late,1,corrector,3035.0,3584.0,0.8468191964285714,0.23858187249430077
pma_stageaware_oracle,0.3,calibration,early,0,predictor,192.0,960.0,0.2,0.10099947396107312
pma_stageaware_oracle,0.3,calibration,early,1,corrector,768.0,960.0,0.8,0.40399789584429247
pma_stageaware_oracle,0.3,calibration,middle,0,predictor,2.0,1280.0,0.0015625,0.0010520778537611783
pma_stageaware_oracle,0.3,calibration,middle,1,corrector,572.0,1280.0,0.446875,0.300894266175697
pma_stageaware_oracle,0.3,calibration,late,0,predictor,69.0,960.0,0.071875,0.036296685954760655
pma_stageaware_oracle,0.3,calibration,late,1,corrector,298.0,896.0,0.3325892857142857,0.15675960021041557
pma_stageaware_oracle,0.3,test,early,0,predictor,576.0,2880.0,0.2,0.09927611168562564
pma_stageaware_oracle,0.3,test,early,1,corrector,2304.0,2880.0,0.8,0.39710444674250256
pma_stageaware_oracle,0.3,test,middle,0,predictor,11.0,3840.0,0.002864583333333333,0.0018958979662185454
pma_stageaware_oracle,0.3,test,middle,1,corrector,1815.0,3840.0,0.47265625,0.31282316442605995
pma_stageaware_oracle,0.3,test,late,0,predictor,206.0,2880.0,0.07152777777777777,0.035504998276456395
pma_stageaware_oracle,0.3,test,late,1,corrector,890.0,2688.0,0.33110119047619047,0.15339538090313684
pma_stageaware_oracle,0.3,all,early,0,predictor,768.0,3840.0,0.2,0.09970141503310398
pma_stageaware_oracle,0.3,all,early,1,corrector,3072.0,3840.0,0.8,0.3988056601324159
pma_stageaware_oracle,0.3,all,middle,0,predictor,13.0,5120.0,0.0025390625,0.0016876541607166039
pma_stageaware_oracle,0.3,all,middle,1,corrector,2387.0,5120.0,0.4662109375,0.30987926781773334
pma_stageaware_oracle,0.3,all,late,0,predictor,275.0,3840.0,0.07161458333333333,0.03570037647669739
pma_stageaware_oracle,0.3,all,late,1,corrector,1188.0,3584.0,0.3314732142857143,0.15422562637933274
pma_stageaware_oracle,0.4,calibration,early,0,predictor,192.0,960.0,0.2,0.07576953433307025
pma_stageaware_oracle,0.4,calibration,early,1,corrector,960.0,960.0,1.0,0.3788476716653512
pma_stageaware_oracle,0.4,calibration,middle,0,predictor,2.0,1280.0,0.0015625,0.0007892659826361484
pma_stageaware_oracle,0.4,calibration,middle,1,corrector,834.0,1280.0,0.6515625,0.3291239147592739
pma_stageaware_oracle,0.4,calibration,late,0,predictor,74.0,960.0,0.07708333333333334,0.02920284135753749
pma_stageaware_oracle,0.4,calibration,late,1,corrector,472.0,896.0,0.5267857142857143,0.186266771902131
pma_stageaware_oracle,0.4,test,early,0,predictor,576.0,2880.0,0.2,0.07492195629552549
pma_stageaware_oracle,0.4,test,early,1,corrector,2880.0,2880.0,1.0,0.37460978147762747
pma_stageaware_oracle,0.4,test,middle,0,predictor,9.0,3840.0,0.00234375,0.0011706555671175858
pma_stageaware_oracle,0.4,test,middle,1,corrector,2568.0,3840.0,0.66875,0.3340270551508845
pma_stageaware_oracle,0.4,test,late,0,predictor,214.0,2880.0,0.07430555555555556,0.027835587929240374
pma_stageaware_oracle,0.4,test,late,1,corrector,1441.0,2688.0,0.5360863095238095,0.18743496357960457
pma_stageaware_oracle,0.4,all,early,0,predictor,768.0,3840.0,0.2,0.0751320680884367
pma_stageaware_oracle,0.4,all,early,1,corrector,3840.0,3840.0,1.0,0.37566034044218355
pma_stageaware_oracle,0.4,all,middle,0,predictor,11.0,5120.0,0.0021484375,0.001076110350225005
pma_stageaware_oracle,0.4,all,middle,1,corrector,3402.0,5120.0,0.664453125,0.33281158286049695
pma_stageaware_oracle,0.4,all,late,0,predictor,288.0,3840.0,0.075,0.028174525533163765
pma_stageaware_oracle,0.4,all,late,1,corrector,1913.0,3584.0,0.5337611607142857,0.18714537272549403
pma_stageaware_oracle,0.5,calibration,early,0,predictor,192.0,960.0,0.2,0.06060606060606061
pma_stageaware_oracle,0.5,calibration,early,1,corrector,960.0,960.0,1.0,0.30303030303030304
pma_stageaware_oracle,0.5,calibration,middle,0,predictor,4.0,1280.0,0.003125,0.0012626262626262627
pma_stageaware_oracle,0.5,calibration,middle,1,corrector,1156.0,1280.0,0.903125,0.3648989898989899
pma_stageaware_oracle,0.5,calibration,late,0,predictor,68.0,960.0,0.07083333333333333,0.021464646464646464
pma_stageaware_oracle,0.5,calibration,late,1,corrector,788.0,896.0,0.8794642857142857,0.24873737373737373
pma_stageaware_oracle,0.5,test,early,0,predictor,576.0,2880.0,0.2,0.0600375234521576
pma_stageaware_oracle,0.5,test,early,1,corrector,2880.0,2880.0,1.0,0.300187617260788
pma_stageaware_oracle,0.5,test,middle,0,predictor,19.0,3840.0,0.0049479166666666664,0.0019804044194288097
pma_stageaware_oracle,0.5,test,middle,1,corrector,3559.0,3840.0,0.9268229166666667,0.3709610173024807
pma_stageaware_oracle,0.5,test,late,0,predictor,208.0,2880.0,0.07222222222222222,0.02168021680216802
pma_stageaware_oracle,0.5,test,late,1,corrector,2352.0,2688.0,0.875,0.24515322076297685
pma_stageaware_oracle,0.5,all,early,0,predictor,768.0,3840.0,0.2,0.06017865538316878
pma_stageaware_oracle,0.5,all,early,1,corrector,3840.0,3840.0,1.0,0.3008932769158439
pma_stageaware_oracle,0.5,all,middle,0,predictor,23.0,5120.0,0.0044921875,0.0018022253565271901
pma_stageaware_oracle,0.5,all,middle,1,corrector,4715.0,5120.0,0.9208984375,0.36945619808807395
pma_stageaware_oracle,0.5,all,late,0,predictor,276.0,3840.0,0.071875,0.021626704278326282
pma_stageaware_oracle,0.5,all,late,1,corrector,3140.0,3584.0,0.8761160714285714,0.24604293997805987
